{"cameraMode":{"drawMode":2,"name":"Shaded Wireframe","section":"Shading Mode"},"sceneLighting":true,"audioPlay":false,"sceneViewState":{"showFog":true,"showMaterialUpdate":false,"showSkybox":true,"showFlares":true,"showImageEffects":true,"showParticleSystems":true},"in2DMode":false,"pivot":{"x":3.8937747478485109,"y":2.611703634262085,"z":-60.814083099365237},"rotation":{"x":0.16846704483032227,"y":0.13907067477703095,"z":-0.024015914648771287,"w":0.9755519032478333},"size":18.782739639282228,"orthographic":false}