{"cameraMode":{"drawMode":2,"name":"Shaded Wireframe","section":"Shading Mode"},"sceneLighting":true,"audioPlay":false,"sceneViewState":{"showFog":true,"showMaterialUpdate":false,"showSkybox":true,"showFlares":true,"showImageEffects":true,"showParticleSystems":true},"in2DMode":false,"pivot":{"x":-23.6146297454834,"y":99.3648910522461,"z":-36.50577163696289},"rotation":{"x":0.6535764932632446,"y":0.016345292329788209,"z":-0.014120404608547688,"w":0.7565522789955139},"size":0.7410106062889099,"orthographic":false}