{"cameraMode":{"drawMode":0,"name":"Shaded","section":"Shading Mode"},"sceneLighting":false,"audioPlay":false,"sceneViewState":{"showFog":true,"showMaterialUpdate":false,"showSkybox":true,"showFlares":true,"showImageEffects":true,"showParticleSystems":true},"in2DMode":false,"pivot":{"x":1.0611051321029664,"y":6.040284633636475,"z":-1.2571032047271729},"rotation":{"x":0.020822225138545038,"y":-0.9780828356742859,"z":0.1212242841720581,"w":0.16800324618816377},"size":3.5022947788238527,"orthographic":false}